{
    "acc": [
        0.03178206458687782,
        0.05845629796385765,
        0.11237230151891708,
        0.161748006939888,
        0.20544835925102234,
        0.2360953390598297,
        0.27241769433021545,
        0.3359818458557129,
        0.3785471022129059,
        0.40919411182403564,
        0.4307605028152466,
        0.48354142904281616,
        0.5096481442451477,
        0.5437003374099731,
        0.6004540324211121,
        0.5856980681419373,
        0.5908058881759644,
        0.6424517631530762,
        0.6560726165771484,
        0.6782065629959106,
        0.694097638130188,
        0.683881938457489,
        0.7088536024093628,
        0.7395005822181702,
        0.7383654713630676,
        0.7434733510017395,
        0.7729852199554443,
        0.7599319219589233,
        0.7849035263061523,
        0.81782066822052,
        0.805902361869812,
        0.8138478994369507,
        0.8166855573654175,
        0.8354142904281616,
        0.8325766324996948,
        0.8615210056304932,
        0.8961407542228699,
        0.9125993251800537,
        0.9222474694252014,
        0.9324631094932556,
        0.9177071452140808,
        0.9318955540657043,
        0.9375709295272827,
        0.9404086470603943,
        0.9477866291999817,
        0.9387060403823853,
        0.9358683228492737,
        0.9347332715988159,
        0.939841091632843,
        0.9324631094932556
    ],
    "epoch": [
        0,
        1,
        2,
        3,
        4,
        5,
        6,
        7,
        8,
        9,
        10,
        11,
        12,
        13,
        14,
        15,
        16,
        17,
        18,
        19,
        20,
        21,
        22,
        23,
        24,
        25,
        26,
        27,
        28,
        29,
        30,
        31,
        32,
        33,
        34,
        35,
        36,
        37,
        38,
        39,
        40,
        41,
        42,
        43,
        44,
        45,
        46,
        47,
        48,
        49
    ],
    "loss": [
        4.316267267935122,
        3.9823928361041863,
        3.4370131525089467,
        3.069230470971271,
        2.7984960471596,
        2.637208138096752,
        2.4292505991715982,
        2.243327073964304,
        2.0171944919157516,
        1.9484358613255617,
        1.8407764959822448,
        1.6997825533794355,
        1.5725172537544934,
        1.5398050845684177,
        1.302049270147092,
        1.3402396758487627,
        1.2952397992743536,
        1.153143863266632,
        1.0809963945633436,
        1.0371482734918325,
        0.9636824298798023,
        1.0275685862975277,
        0.8957912154690226,
        0.8178094760784361,
        0.8008897226054336,
        0.8505524686462628,
        0.7101974923007198,
        0.732961958572353,
        0.6744879347512184,
        0.5829322297510846,
        0.6109406316185647,
        0.5834529579835906,
        0.5546448065663575,
        0.5206848183365604,
        0.5565132476414779,
        0.4236415912831682,
        0.3239658097065266,
        0.2905111724212681,
        0.2647654617143949,
        0.2418980354720158,
        0.25630865404202635,
        0.22229167287926127,
        0.21192410403902767,
        0.2179491216492301,
        0.18254749583467317,
        0.19631531004129013,
        0.20102992423817465,
        0.20816599000900746,
        0.2077253968301615,
        0.21014721490332813
    ],
    "lr": [
        0.0010000000474974513,
        0.0010000000474974513,
        0.0010000000474974513,
        0.0010000000474974513,
        0.0010000000474974513,
        0.0010000000474974513,
        0.0010000000474974513,
        0.0010000000474974513,
        0.0010000000474974513,
        0.0010000000474974513,
        0.0010000000474974513,
        0.0010000000474974513,
        0.0010000000474974513,
        0.0010000000474974513,
        0.0010000000474974513,
        0.0010000000474974513,
        0.0010000000474974513,
        0.0010000000474974513,
        0.0010000000474974513,
        0.0010000000474974513,
        0.0010000000474974513,
        0.0010000000474974513,
        0.0010000000474974513,
        0.0010000000474974513,
        0.0010000000474974513,
        0.0010000000474974513,
        0.0010000000474974513,
        0.0010000000474974513,
        0.0010000000474974513,
        0.0010000000474974513,
        0.0010000000474974513,
        0.0010000000474974513,
        0.0010000000474974513,
        0.0010000000474974513,
        0.0010000000474974513,
        0.00010000000474974513,
        0.00010000000474974513,
        0.00010000000474974513,
        0.00010000000474974513,
        0.00010000000474974513,
        0.00010000000474974513,
        0.00010000000474974513,
        0.00010000000474974513,
        0.00010000000474974513,
        0.00010000000474974513,
        1.0000000656873453e-05,
        1.0000000656873453e-05,
        1.0000000656873453e-05,
        1.0000000656873453e-05,
        1.0000000656873453e-05
    ],
    "timestamp": "2020-02-06_124518",
    "training time (s)": 2181.0,
    "val_acc": [
        0.015306122601032257,
        0.0357142873108387,
        0.07653061300516129,
        0.05612244829535484,
        0.07653061300516129,
        0.18877550959587097,
        0.2091836780309677,
        0.3316326439380646,
        0.2806122303009033,
        0.38265305757522583,
        0.3520408272743225,
        0.4693877696990967,
        0.47959184646606445,
        0.5306122303009033,
        0.41326531767845154,
        0.5051020383834839,
        0.5,
        0.5867347121238708,
        0.5918367505073547,
        0.75,
        0.581632673740387,
        0.6224489808082581,
        0.6887755393981934,
        0.6020408272743225,
        0.6479591727256775,
        0.6173469424247742,
        0.7551020383834839,
        0.6989796161651611,
        0.5918367505073547,
        0.6887755393981934,
        0.7193877696990967,
        0.6785714030265808,
        0.7193877696990967,
        0.75,
        0.6887755393981934,
        0.8214285969734192,
        0.8622449040412903,
        0.8163265585899353,
        0.8571428656578064,
        0.8520408272743225,
        0.8418367505073547,
        0.8520408272743225,
        0.8775510191917419,
        0.8724489808082581,
        0.8520408272743225,
        0.8622449040412903,
        0.8724489808082581,
        0.8724489808082581,
        0.8673469424247742,
        0.8520408272743225
    ],
    "val_loss": [
        120.37781055157001,
        16.112798030559834,
        8.2838501563439,
        3.6720883479485145,
        6.391743384874784,
        2.7743308544158936,
        3.263900353358342,
        2.4367868441801805,
        2.5888492235770593,
        2.453905472388634,
        2.3775597168849063,
        1.8543376280711248,
        1.6296051282149095,
        1.4942944508332472,
        1.8661677103776197,
        1.6074554049051726,
        2.02691977757674,
        1.3170800805091858,
        1.4037112181003277,
        0.8760201655901395,
        1.29358414044747,
        1.287009454690493,
        1.0014032767369196,
        1.4689843838031476,
        1.2299719957204966,
        1.3945082976267889,
        0.9243097144823808,
        1.1578041636026823,
        1.535185722204355,
        1.1463916164178114,
        1.1423983871936798,
        1.287662501518543,
        1.2676259508499732,
        0.8140430668225656,
        1.488013560955341,
        0.5976143536659387,
        0.5465034670554675,
        0.5329622351206266,
        0.44378515963370985,
        0.42741938164600957,
        0.48906064880653644,
        0.4515823681408969,
        0.44415336646712744,
        0.33737527235196185,
        0.44178949969892317,
        0.5174542270027674,
        0.5557093322277069,
        0.48662752830065215,
        0.4777861518355516,
        0.5551080325475106
    ]
}